Business Name,Phone,Street Address,Locality,Category,Rating
J C Nelson Supply,(707) 646-1928,N/A,N/A,Grocery StoresJanitors Equipment & SuppliesGeneral Merchandise,
El Indio Mexican Restaurant and Catering,(619) 299-0333,N/A,N/A,Grocery StoresGrocers-Ethnic FoodsFood & Beverage Consultants,
Arroyo's Mexican Cafe,(209) 472-1661,N/A,N/A,Grocery StoresGrocers-Ethnic FoodsMexican Restaurants,
Cal-Mart Supermarket,(415) 651-3762,N/A,N/A,Grocery StoresConvenience StoresDelicatessens,
"Cracchiolo's Market, Deli, & Catering",(530) 662-3213,N/A,N/A,Grocery StoresWedding Supplies & ServicesCaterers,
Bobs Market,(310) 526-6009,N/A,N/A,Grocery StoresRestaurantsLiquor Stores,
B J Tire Shop,(530) 221-8178,N/A,N/A,Grocery StoresTire Dealers,N/A
Little Joe's Pizza,(415) 333-3684,N/A,N/A,Grocery StoresMexican RestaurantsRestaurants,
Win-River Mini Mart,(530) 232-8342,N/A,N/A,Grocery Stores,N/A
Whitney's Vitamin & Herb Shoppe,(530) 806-0275,N/A,N/A,Grocery StoresHolistic PractitionersHomeopathic Practitioners,N/A
Xiao's Acupuncture,(805) 702-3348,N/A,N/A,Grocery StoresAcupunctureAlternative Medicine & Health Practitioners,N/A
Mario's Italian Cafe,(760) 775-2888,N/A,N/A,Grocery StoresFood & Beverage ConsultantsCaterers,
Don Jose Mexican Restaurant,(714) 475-1433,N/A,N/A,Grocery StoresGrocers-Ethnic FoodsTake Out Restaurants,
Italia Bakery & Deli,(747) 300-0378,N/A,N/A,Grocery StoresSupermarkets & Super StoresGrocers-Ethnic Foods,
R & R Quality Meats & Seafood,(530) 232-8251,N/A,N/A,Grocery StoresButcheringFish & Seafood Markets,
Redwood Meat Co,(707) 296-7771,N/A,N/A,Grocery StoresButcheringIndustrial Equipment & Supplies-Wholesale,N/A
San Diego Family Care,(858) 279-0925,N/A,N/A,"Grocery StoresPhysicians & Surgeons, PodiatristsMedical Centers",
Scientific Acupuncture Health Care,(714) 545-3181,N/A,N/A,Grocery StoresNutritionistsAcupuncture,
Rufus Ruiz Enterprises,(951) 463-4611,N/A,N/A,Grocery StoresCleaning ContractorsFinancial Planners,N/A
Belmar-Lagallinita Meat Market & Catering,(415) 826-4600,N/A,N/A,Grocery StoresGrocers-Ethnic FoodsMexican Restaurants,
Scotty's Market,(415) 479-2363,N/A,N/A,Grocery StoresRestaurantsDelicatessens,N/A
Lost Nugget Market,(530) 288-3339,N/A,N/A,Grocery StoresGas StationsGrocers-Specialty Foods,N/A
Hacienda Village Meat & Italian Deli,(626) 330-5555,N/A,N/A,Grocery StoresRestaurantsGrocers-Ethnic Foods,
Angelina's,(209) 948-6609,N/A,N/A,Grocery StoresGrocers-Ethnic FoodsDelicatessens,N/A
Taki Japanese Restaurant,(415) 883-2423,N/A,N/A,Grocery StoresGrocers-Ethnic FoodsAsian Restaurants,
Clark's Nutrition & Natural Foods Market,(909) 680-4435,N/A,N/A,Grocery StoresHealth & Diet Food ProductsVitamins & Food Supplements,N/A
Obexer's Boat Co,(530) 525-7962,N/A,N/A,Grocery StoresMarine Equipment & SuppliesBoat Dealers,N/A
Mayflower Market & Liquor,(805) 529-1506,N/A,N/A,Grocery StoresLiquor StoresMeat Markets,N/A
Clark's Nutrition & Natural Foods Market,(760) 989-4473,N/A,N/A,Grocery StoresHealth & Diet Food ProductsNatural Foods,N/A
Swift Mini Storage LLC,(833) 660-5108,N/A,N/A,Grocery StoresFerriesCutting Tools,N/A
R and S Livestock Supply Inc,(707) 607-6246,N/A,N/A,Grocery StoresElectriciansUsed Car Dealers,N/A
Seebeck M E and Sons,(916) 744-2608,N/A,N/A,Grocery StoresRugsBuilding Materials,N/A
David's Mobile Locksmith Service,(833) 277-4513,N/A,N/A,Grocery StoresHigh SchoolsBankruptcy Law Attorneys,N/A
Alturas Mini Storage,(833) 277-2381,N/A,N/A,Grocery StoresDivorce AttorneysBankruptcy Law Attorneys,N/A
Grace Community Bible Church,(833) 277-0616,N/A,N/A,Grocery StoresBarbecue RestaurantsAppliance Rental,N/A
Hidden Harbor Marina Inc,(916) 744-2414,N/A,N/A,Grocery StoresSeptic Tanks & SystemsHospitals,N/A
Campbells Tree Service,(707) 507-3015,N/A,N/A,Grocery StoresSupermarkets & Super StoresMajor Appliance Refinishing & Repair,N/A
Modoc Work Activity Center,(833) 277-6907,N/A,N/A,Grocery StoresGift ShopsHardware Stores,N/A
Bethel Wayne C Refrigeration and Heating,(833) 277-4368,N/A,N/A,Grocery StoresMental Health Clinics & InformationWelders,N/A
Abel Chevrolet Pontiac Buick,(707) 507-3260,N/A,N/A,Grocery StoresDentistsKitchen Accessories,N/A
Muttera Bill CLU ChFC,(530) 250-2495,N/A,N/A,Grocery StoresInsuranceBeauty Salons,N/A
Valley Lumber and Millwork,(707) 506-8172,N/A,N/A,Grocery StoresHome Health ServicesAccountants-Certified Public,N/A
Buster's Original Southern Barbeque,(707) 942-5605,N/A,N/A,Grocery StoresCoffee & Espresso RestaurantsBarbecue Restaurants,
Aldo's Pizza,(650) 344-5051,N/A,N/A,Grocery StoresRestaurantsGrocers-Ethnic Foods,
Keith's Family Food Center,(707) 983-6633,N/A,N/A,Grocery StoresFood Processing & ManufacturingLogging Equipment & Supplies,N/A
Natural Alternative Nutrition Center,(805) 237-8290,N/A,N/A,Grocery StoresPhysical Fitness Consultants & TrainersHealth & Fitness Program Consultants,N/A
"Sunshine Natural, Food",(916) 966-8021,N/A,N/A,Grocery StoresNatural FoodsHealth & Diet Food Products,
Willowside Meats Inc.,(707) 546-8404,N/A,N/A,Grocery StoresFood Processing & ManufacturingMeat Processing,
Erewhon Markets,(323) 937-0777,N/A,N/A,Grocery StoresBeveragesHealth & Diet Food Products,N/A
Napa Valley Traditions,(707) 226-2044,N/A,N/A,"Grocery StoresBaby Accessories, Furnishings & ServicesFurniture Stores",
Herbalife Distributor Lydia Bosnino Wellness3000,(760) 641-0211,N/A,N/A,Grocery StoresCommunications ServicesHealth Resorts,
We Yone African Market & Produce,(909) 879-0242,N/A,N/A,Grocery StoresGourmet ShopsMexican & Latin American Grocery Stores,N/A
Shaklee Authorized Distributor- Cindy & Coach Randy Genung,(909) 798-6456,N/A,N/A,Grocery StoresHealth & Wellness ProductsFood Products,N/A
Lakeshore Natural Food,(510) 452-1079,N/A,N/A,Grocery StoresHealth & Wellness ProductsHealth & Diet Food Products,N/A
New Seasons Market,(408) 513-8200,N/A,N/A,Grocery StoresLiquor StoresBeer & Ale,N/A
Country Organics,(530) 223-5775,N/A,N/A,Grocery StoresGrocers-Specialty FoodsSupermarkets & Super Stores,N/A
Harvest House,(925) 676-2305,N/A,N/A,Grocery StoresNatural FoodsHealth & Wellness Products,N/A
Everbowl,(619) 243-6139,N/A,N/A,Grocery StoresVegetarian RestaurantsHealth Food Restaurants,N/A
Sweet Dottie's Desserts & Deli,(559) 665-1894,N/A,N/A,Grocery StoresRestaurantsFood Products,N/A
Mi Cocinita,(909) 614-9242,N/A,N/A,Grocery StoresSupermarkets & Super StoresGrocers-Ethnic Foods,N/A
Estancia at The Grand Conquista     Claimed,(909) 573-8311,N/A,N/A,Grocery StoresGrocers-Ethnic FoodsSupermarkets & Super Stores,N/A
Upper Crust The,(760) 568-1998,N/A,N/A,Grocery StoresHome DecorGeneral Merchandise,
Full O'Life Foods,(818) 845-8343,N/A,N/A,Grocery StoresRestaurantsHealth & Wellness Products,
Deluxe Foods of Aptos,(831) 688-7442,N/A,N/A,Grocery StoresRestaurantsCoffee & Espresso Restaurants,N/A
Piedmont Grocery Co,(510) 653-8181,N/A,N/A,Grocery StoresSupermarkets & Super StoresDelicatessens,N/A
Vallarta Supermarkets,(661) 266-1398,N/A,N/A,Grocery StoresMexican & Latin American Grocery StoresSupermarkets & Super Stores,N/A
Eagle Rock Market & Liquor,(323) 255-3111,N/A,N/A,Grocery StoresLiquor StoresSupermarkets & Super Stores,N/A
La Pradera Market,(818) 876-2960,N/A,N/A,Grocery Stores,N/A
Le Johns Market,(209) 522-3423,N/A,N/A,Grocery Stores,N/A
Goodwin's Organic,(951) 682-2667,N/A,N/A,Grocery StoresHealth & Diet Food ProductsGrocers-Specialty Foods,N/A
Mal's Market,(831) 394-1881,N/A,N/A,Grocery Stores,
Food Bin,(831) 423-5526,N/A,N/A,Grocery StoresHealth & Diet Food ProductsPharmacies,N/A
Noe Hill Market,(415) 431-3030,N/A,N/A,Grocery StoresRestaurants,N/A
Warner Street Grocery,(530) 342-8262,N/A,N/A,Grocery Stores,
El Rancho Grande Market,(916) 777-5866,N/A,N/A,Grocery Stores,N/A
Trader Joe's,(510) 222-3501,N/A,N/A,Grocery StoresNatural Foods,
K2 Market,(661) 940-3051,N/A,N/A,Grocery StoresSupermarkets & Super Stores,N/A
Vons,(818) 249-4595,N/A,N/A,Grocery StoresSupermarkets & Super Stores,N/A
Food Care Market,(559) 225-3477,N/A,N/A,Grocery Stores,N/A
Roline's,(707) 639-7515,N/A,N/A,Grocery Stores,N/A
Trader Joe's,(707) 525-1406,N/A,N/A,Grocery StoresNatural Foods,N/A
Wine Country Station,(530) 644-2199,N/A,N/A,Grocery StoresGas StationsConvenience Stores,N/A
College Market,(408) 293-4156,N/A,N/A,Grocery StoresConvenience StoresLiquor Stores,N/A
Dollar Bell,(714) 893-1928,N/A,N/A,Grocery Stores,N/A
Toluca Mart Wine & Liquor,(818) 842-2994,N/A,N/A,Grocery StoresConvenience StoresLiquor Stores,N/A
Alta Dena Dairy,(909) 982-0211,N/A,N/A,Grocery StoresDairy ProductsLiquor Stores,N/A
Grocery Outlet,(707) 464-3131,N/A,N/A,Grocery StoresDiscount Stores,N/A
Loma Mini Market,(562) 498-7445,N/A,N/A,Grocery StoresConvenience StoresGas Stations,N/A
Holland American International Specialties,(562) 925-6914,N/A,N/A,Grocery StoresSupermarkets & Super Stores,N/A
S & K Snack Shop,(213) 891-1189,N/A,N/A,Grocery Stores,N/A
Land O'Lakes Inc,(559) 366-7740,N/A,N/A,Grocery Stores,N/A
Rapido Long Beach Market,(310) 669-8493,N/A,N/A,Grocery StoresSupermarkets & Super Stores,
Fern Market,(619) 955-8003,N/A,N/A,Grocery StoresConvenience Stores,
One Stop Food Store,(925) 680-2517,N/A,N/A,Grocery StoresConvenience StoresLiquor Stores,N/A
Pismo Food Store,(805) 773-1424,N/A,N/A,Grocery StoresFood ProductsWholesale Grocers,N/A
Jasmine Market,(415) 459-4866,N/A,N/A,Grocery Stores,N/A
Langlois Frozen Foods,(949) 497-1741,N/A,N/A,Grocery StoresGrocers-Specialty FoodsFood Products,N/A
Toby's Market,(909) 825-8093,N/A,N/A,Grocery Stores,N/A
Down Town Market,(530) 872-1608,N/A,N/A,Grocery Stores,
Trader Joe's,(949) 509-6138,N/A,N/A,Grocery StoresNatural Foods,N/A
Fast Mart,(209) 575-0019,N/A,N/A,Grocery StoresConvenience Stores,N/A
Riverpark Liquor,(559) 432-5468,N/A,N/A,Grocery StoresLiquor Stores,N/A
Champion Food,(714) 841-0398,N/A,N/A,Grocery StoresFood Products,N/A
PDQ Market & Deli,(530) 345-9966,N/A,N/A,Grocery StoresConvenience StoresGas Stations,N/A
Arcade Market,(916) 920-8831,N/A,N/A,Grocery Stores,
Mitsuwa Marketplace,(201) 941-9113,N/A,N/A,Grocery Stores,N/A
Smart & Final,(909) 622-3321,N/A,N/A,Grocery StoresSupermarkets & Super Stores,N/A
Eagle Market,(818) 905-8566,N/A,N/A,Grocery Stores,
Carneceria La Aurora,(925) 443-5000,N/A,N/A,Grocery Stores,N/A
Marina Grocery,(510) 324-5668,N/A,N/A,Grocery StoresSupermarkets & Super Stores,N/A
Cotija's Market,(707) 894-1234,N/A,N/A,Grocery StoresGeneral Merchandise,N/A
Shun Fat Supermarket,(714) 539-6688,N/A,N/A,Grocery StoresChinese Grocery StoresMeat Markets,N/A
FoodMaxx,(530) 533-2389,N/A,N/A,Grocery StoresSupermarkets & Super Stores,N/A
JK Food Liquor & Wine,(916) 381-6500,N/A,N/A,Grocery StoresLiquor Stores,N/A
Carniceria La Victoria,(916) 427-1745,N/A,N/A,Grocery StoresMexican & Latin American Grocery StoresDelicatessens,N/A
Oak Avenue Minimart,(831) 674-2168,N/A,N/A,Grocery StoresConvenience StoresSupermarkets & Super Stores,N/A
Norwood Market,(323) 663-9943,N/A,N/A,Grocery Stores,
Queen Anne Mini Market,(323) 424-7391,N/A,N/A,Grocery StoresConvenience Stores,N/A
Food 4 Less,(818) 997-0170,N/A,N/A,Grocery StoresSupermarkets & Super Stores,N/A
La Darada Market,(831) 443-6313,N/A,N/A,Grocery StoresSupermarkets & Super Stores,N/A
East Bay Market,(510) 632-7149,N/A,N/A,Grocery Stores,N/A
Best Mini Market,(562) 423-6194,N/A,N/A,Grocery StoresConvenience StoresSupermarkets & Super Stores,N/A
Green Star Coffee,(805) 683-2555,N/A,N/A,Grocery StoresCoffee & TeaCoffee & Espresso Restaurants,N/A
Boccato's Groceries,(310) 376-0574,N/A,N/A,Grocery Stores,N/A
Lyons Valley Trading Post,(619) 468-3172,N/A,N/A,Grocery Stores,
Mini Mart,(408) 267-1511,N/A,N/A,Grocery StoresConvenience StoresGas Stations,N/A
Dos Amigos,(619) 710-1400,N/A,N/A,Grocery StoresWholesale Grocers,N/A
Seven Star Food Store,(951) 849-1967,N/A,N/A,Grocery StoresFood Products,
H & H Market,(323) 660-0210,N/A,N/A,Grocery StoresLiquor Stores,N/A
Day Street Market,(951) 682-3536,N/A,N/A,Grocery StoresMeat Markets,N/A
A Markets,(949) 650-6515,N/A,N/A,Grocery Stores,N/A
Super Quick Mart,(408) 735-9116,N/A,N/A,Grocery StoresConvenience StoresLiquor Stores,N/A
Tokay Food & Liquor,(209) 368-1673,N/A,N/A,Grocery StoresLiquor Stores,N/A
Elrey's Resturant,(323) 733-8091,N/A,N/A,Grocery StoresSupermarkets & Super Stores,N/A
Verdugo Deli & Meat Inc,(818) 550-0844,N/A,N/A,Grocery StoresMeat MarketsDelicatessens,N/A
Big Sav & 98 Cents Market,(626) 280-4668,N/A,N/A,Grocery Stores,N/A
Villa Market,(562) 427-1249,N/A,N/A,Grocery StoresSupermarkets & Super Stores,N/A
Estrella Food Market,(562) 531-6426,N/A,N/A,Grocery StoresSupermarkets & Super Stores,N/A
Super King Markets,(626) 296-9311,N/A,N/A,Grocery StoresFish & Seafood MarketsMeat Markets,
Day N Night Mini-Mart,(559) 562-0063,N/A,N/A,Grocery StoresConvenience StoresGas Stations,N/A
Oriental Food Market,(760) 745-9212,N/A,N/A,Grocery StoresGrocers-Ethnic Foods,N/A
Handy Korner,(559) 498-3422,N/A,N/A,Grocery StoresConvenience Stores,N/A
Jensen's Market,(626) 337-3095,N/A,N/A,Grocery Stores,N/A
Vons,(858) 748-8833,N/A,N/A,Grocery StoresSupermarkets & Super Stores,N/A
Vons Bakery,(562) 493-3567,N/A,N/A,Grocery StoresSupermarkets & Super Stores,N/A
Zeph's 1 Stop,(831) 757-3947,N/A,N/A,Grocery StoresSupermarkets & Super StoresConvenience Stores,N/A
Paloma Creek Mini Market Inc,(805) 461-3807,N/A,N/A,Grocery StoresConvenience Stores,N/A
Otafuku Foods Inc.,(310) 787-8000,N/A,N/A,Grocery StoresSupermarkets & Super Stores,N/A
Kelso Ranch Market,(310) 677-5775,N/A,N/A,Grocery StoresSupermarkets & Super Stores,N/A
Family Food Mart,(661) 764-5371,N/A,N/A,Grocery StoresConvenience Stores,N/A
M & D Market,(760) 245-6449,N/A,N/A,Grocery StoresSupermarkets & Super Stores,N/A
City Produce,(415) 551-2489,N/A,N/A,Grocery Stores,N/A
C 2 Food Mart,(909) 783-1177,N/A,N/A,Grocery StoresConvenience Stores,N/A
Wallaby Yogurt Company,(855) 925-4636,N/A,N/A,Grocery StoresDairy ProductsWholesale Dairy Products,N/A
Rio Ranch Market,(909) 425-8670,N/A,N/A,Grocery StoresFish & Seafood MarketsMeat Markets,
Safeway,(831) 438-7431,N/A,N/A,Grocery StoresSupermarkets & Super StoresPharmacies,
La Fuente De Oro,(323) 537-2916,N/A,N/A,Grocery StoresSupermarkets & Super Stores,N/A
Lo Bue Farms Inc,(559) 798-0283,N/A,N/A,Grocery StoresWholesale Grocers,N/A
Bayview Market & Liquor,(510) 569-3168,N/A,N/A,Grocery StoresLiquor Stores,N/A
J & J Market,(661) 758-5942,N/A,N/A,Grocery Stores,N/A
Carson Unocal 76,(310) 549-3379,N/A,N/A,Grocery StoresGas StationsAuto Repair & Service,N/A
Bechelli Lane Market,(530) 226-8080,N/A,N/A,Grocery Stores,N/A
Jalisco Meat Market,(323) 583-9260,N/A,N/A,Grocery StoresMeat MarketsMeat Packers,N/A
Family Market,(559) 318-9386,N/A,N/A,Grocery Stores,
Philippine Delicacies,(415) 239-8554,N/A,N/A,Grocery Stores,N/A
Jimbo's Naturally,(760) 334-7755,N/A,N/A,Grocery StoresHealth & Diet Food Products,
Vons,(818) 658-1018,N/A,N/A,Grocery StoresSupermarkets & Super Stores,
La Barata Market,(661) 725-9206,N/A,N/A,Grocery Stores,N/A
Big Al's Market,(530) 633-2779,N/A,N/A,Grocery Stores,N/A
Best Buy Market IGA,(559) 732-7981,N/A,N/A,Grocery Stores,
Los Amigos Food Center,(559) 626-0173,N/A,N/A,Grocery StoresSupermarkets & Super Stores,N/A
B C 99 Store,(831) 638-9988,N/A,N/A,Grocery StoresWholesale Grocers,N/A
La Mexicana,(310) 933-8617,N/A,N/A,Grocery Stores,N/A
Zayante Creek Market & Deli,(831) 335-2542,N/A,N/A,Grocery StoresConvenience Stores,N/A
Just 98 Cents,(818) 898-3199,N/A,N/A,Grocery StoresSupermarkets & Super Stores,N/A
Gardenia Market Deli & Pizzeria,(818) 957-7803,N/A,N/A,Grocery StoresBeer & AleLiquor Stores,N/A
Haven Market,(661) 854-2714,N/A,N/A,Grocery Stores,N/A
Albertsons,(661) 718-3732,N/A,N/A,Grocery Stores,N/A
Halal Meat Market,(209) 956-6856,N/A,N/A,Grocery StoresMeat MarketsRestaurants,N/A
El Pueblo Market,(707) 444-0952,N/A,N/A,Grocery Stores,N/A
