Business Name,Phone,Street Address,Locality,Category,Rating
Safe Insurance Texas City,(409) 419-0151,N/A,N/A,"InsuranceHospitalization, Medical & Surgical PlansAuto Insurance",N/A
March Bezanson - State Farm Insurance Agent,(409) 945-2010,N/A,N/A,InsuranceProperty & Casualty InsuranceHomeowners Insurance,N/A
Agency Managers Insurance Agency,(409) 948-9902,N/A,N/A,InsuranceFlood InsuranceMotorcycle Insurance,
Allstate Insurance Agent: Chris Sapp,(409) 945-7409,N/A,N/A,InsuranceAuto InsuranceInsurance Consultants & Analysts,N/A
Allstate Insurance: David Duckett,(409) 986-9550,N/A,N/A,InsuranceBusiness & Commercial InsuranceMotorcycle Insurance,N/A
Discount Car Insurance | Lowered Rates of Texas City,(409) 316-3193,N/A,N/A,Insurance,N/A
Amco Insurance Texas City,(409) 943-5555,N/A,N/A,Insurance,N/A
"Spurgeon, Joseph A",(409) 948-6565,N/A,N/A,InsuranceHomeowners InsuranceLife Insurance,N/A
Progressive Insurance,(409) 600-2695,N/A,N/A,Insurance,N/A
Ai United Insurance,(409) 949-4444,N/A,N/A,InsuranceHomeowners InsuranceAuto Insurance,N/A
Safe Insurance Services,(409) 945-6522,N/A,N/A,InsuranceProperty & Casualty InsuranceBusiness & Commercial Insurance,N/A
Best Insurance,(409) 986-9611,N/A,N/A,InsuranceHomeowners InsuranceProperty & Casualty Insurance,N/A
Skipper Insurance Advisors,(409) 945-6604,N/A,N/A,Insurance,N/A
"Spurgeon, Brad, AGT",(409) 965-0101,N/A,N/A,Insurance,N/A
Mainland Insurance,(409) 229-1245,N/A,N/A,InsuranceAgriculture Insurance,N/A
Ins Agencies Discover Insurance,(409) 943-5555,N/A,N/A,Insurance,N/A
Alliance Insurance Agency,(409) 942-4244,N/A,N/A,Insurance,N/A
Cuna Mutual Insurance Agency,(281) 488-0636,N/A,N/A,Insurance,N/A
Ai United Insurance,(409) 943-5555,N/A,N/A,InsuranceTax Return Preparation,N/A
Fentanes & Associates,(409) 941-0202,N/A,N/A,InsuranceFinancial Services,N/A
The Advantage Group,(409) 949-4245,N/A,N/A,Insurance,N/A
Erwin Insurance Agency,(409) 945-7400,N/A,N/A,Insurance,N/A
Insurance Plus,(409) 945-0871,N/A,N/A,InsuranceAuto Insurance,N/A
Progressive,(409) 359-4218,N/A,N/A,Insurance,N/A
Malcolm Allgood Insurance,(409) 948-9902,N/A,N/A,Insurance,N/A
Mark Spurgeon,(409) 945-5148,N/A,N/A,InsuranceInsurance AdjustersLife Insurance,N/A
Tarlton Insurance Agency,(409) 949-4387,N/A,N/A,Insurance,N/A
Medina Insurance,(409) 945-6100,N/A,N/A,Insurance,N/A
Sullivan Insurance,(409) 948-1990,N/A,N/A,Insurance,N/A
Insurance Aseguranza,(409) 229-4357,N/A,N/A,InsuranceAuto Insurance,N/A
Ruth Dagerath and Associ,(409) 935-8025,N/A,N/A,Insurance,N/A
Reliable Life Insurance Co,(409) 938-0100,N/A,N/A,Insurance,N/A
Rust Ewing Insurance,(409) 934-8000,N/A,N/A,Insurance,N/A
Rvos 146,(409) 935-7730,N/A,N/A,Insurance,N/A
American National Insurance Company,(409) 933-0285,N/A,N/A,InsuranceLife Insurance,N/A
Farmers Insurance - Endia Crawford,(409) 419-5077,N/A,N/A,InsuranceHomeowners InsuranceAuto Insurance,N/A
Amazing Insurance,(888) 376-9205,N/A,N/A,InsuranceMotorcycle InsuranceHomeowners Insurance,N/A
AI United Insurance,(409) 943-5555,N/A,N/A,InsuranceAuto Insurance,N/A
National Insurance,(866) 939-0141,N/A,N/A,InsuranceMotorcycle InsuranceHomeowners Insurance,N/A
Amazing Insurance,(888) 376-9205,N/A,N/A,InsuranceMotorcycle InsuranceHomeowners Insurance,N/A
BIG Dog Insurance,(888) 804-6676,N/A,N/A,InsuranceMotorcycle InsuranceHomeowners Insurance,N/A
BIG Dog Insurance,(888) 804-6676,N/A,N/A,InsuranceMotorcycle InsuranceHomeowners Insurance,N/A
Best Insurance,(409) 986-9611,N/A,N/A,InsuranceAuto InsuranceMotorcycle Insurance,N/A
BIG Dog Insurance,(888) 804-6676,N/A,N/A,InsuranceMotorcycle InsuranceHomeowners Insurance,N/A
"Insurance Plus Agencies, LLC",(409) 945-5321,N/A,N/A,InsuranceAuto Insurance,N/A
Rust-Ewing-Insurance,(409) 934-8000,N/A,N/A,InsuranceInsurance Consultants & Analysts,N/A
"Crawford, Endia, AGT",(409) 419-5077,N/A,N/A,InsuranceHomeowners InsuranceLife Insurance,N/A
Lee Skipper - Raymond James,(409) 945-6600,N/A,N/A,InsuranceFinancial Planning ConsultantsInvestment Advisory Service,N/A
Rust Ewing Watt and Haney,(281) 488-3637,N/A,N/A,InsuranceInsurance Consultants & Analysts,N/A
"Krenning, Laura",(409) 945-2341,N/A,N/A,InsuranceAgriculture Insurance,N/A
Remco Insurance,(409) 229-7270,N/A,N/A,InsuranceAuto InsuranceHomeowners Insurance,N/A
"Smith, Mark, AGT",(409) 935-7394,N/A,N/A,InsuranceReal Estate Buyer Brokers,N/A
"Bush, Betty",(409) 935-7394,N/A,N/A,InsuranceAgriculture Insurance,N/A
Freeway Insurance,(409) 527-8421,N/A,N/A,InsuranceAuto Insurance,N/A
Bergvall Insurance Agency,(409) 948-3427,N/A,N/A,InsuranceHomeowners InsuranceAuto Insurance,N/A
UnitedHealthcare,(855) 828-8942,N/A,N/A,"InsuranceDental InsuranceHospitalization, Medical & Surgical Plans",N/A
Liberty Mutual Insurance,(877) 224-1371,N/A,N/A,InsuranceMotorcycle InsuranceAuto Insurance,
Liberty Mutual,(800) 906-8949,N/A,N/A,InsuranceAuto InsuranceHomeowners Insurance,
Farmers Insurance - Ronald Foree,(281) 407-4849,N/A,N/A,InsuranceAuto InsuranceHomeowners Insurance,N/A
Southland Life Insurance Co,(409) 935-1111,N/A,N/A,Insurance,N/A
Liberty Mutual Insurance,(877) 224-1371,N/A,N/A,InsuranceMotorcycle InsuranceAuto Insurance,
Liberty Mutual,(800) 906-8949,N/A,N/A,InsuranceAuto InsuranceHomeowners Insurance,
Farmers Insurance - Ronald Foree,(281) 407-4849,N/A,N/A,InsuranceAuto InsuranceHomeowners Insurance,N/A
Southland Life Insurance Co,(409) 935-1111,N/A,N/A,Insurance,N/A
Hi Lo Insurance,(832) 906-9079,N/A,N/A,Insurance,N/A
"Allthings Senior Consulting,",(832) 699-2245,N/A,N/A,InsuranceHealth InsuranceLong Term Care Insurance,N/A
State Farm Insurance,(281) 309-0000,N/A,N/A,InsuranceHomeowners InsuranceAuto Insurance,N/A
Hodges Insurance,(409) 497-8658,N/A,N/A,Insurance,N/A
Gulf Coast Bail Bonds,(409) 762-0188,N/A,N/A,InsuranceBail Bonds,
National Insurance,(866) 939-0141,N/A,N/A,InsuranceMotorcycle InsuranceHomeowners Insurance,N/A
Galveston Life Insurance,(409) 539-5345,N/A,N/A,InsuranceLife Insurance,N/A
Shari Neubauer: Allstate Insurance,(281) 242-9600,N/A,N/A,InsuranceBoat & Marine InsuranceHomeowners Insurance,N/A
Best Insurance,(409) 986-9611,N/A,N/A,InsuranceHomeowners InsuranceProperty & Casualty Insurance,N/A
Ken Ross - State Farm Insurance Agent,(409) 938-8591,N/A,N/A,InsuranceAuto Insurance,N/A
Wayne Faircloth - State Farm Insurance Agent,(281) 337-7080,N/A,N/A,InsuranceLife InsuranceAuto Insurance,N/A
"Ross, Kenneth R - State Farm Insurance Agent",(409) 938-8591,N/A,N/A,InsuranceAuto Insurance,N/A
Ken Ross Agency,(409) 938-8591,N/A,N/A,InsuranceInsurance Consultants & AnalystsInvestment Advisory Service,N/A
Discount Car Insurance | Lowered Rates of Galveston,(409) 207-9158,N/A,N/A,Insurance,N/A
American National Insurance Company,(409) 763-4661,N/A,N/A,InsuranceProperty & Casualty InsuranceMarketing Programs & Services,N/A
Jenkins Insurance,(409) 938-4241,N/A,N/A,InsuranceLife InsuranceTruck Insurance,N/A
Gulf Coast Insurance Solutions,(409) 229-1524,N/A,N/A,Insurance,N/A
New York Life Insurance,(713) 824-4195,N/A,N/A,Insurance,N/A
Swanson Health Insurance,(281) 773-4210,N/A,N/A,Insurance,N/A
King Insurance,(281) 910-4517,N/A,N/A,InsuranceMotorcycle InsuranceHomeowners Insurance,N/A
A Leading Insurance Agency,(409) 935-2600,N/A,N/A,Insurance,N/A
Ronald Foree Insurance Agency,(281) 333-2000,N/A,N/A,Insurance,N/A
Farmers Insurance,(281) 407-4849,N/A,N/A,InsuranceHomeowners InsuranceLife Insurance,N/A
Dlg Insurance Groupcom,(409) 797-4040,N/A,N/A,Insurance,N/A
Comiskey Capital Insurance,(409) 935-0086,N/A,N/A,InsuranceProperty & Casualty InsuranceBusiness & Commercial Insurance,N/A
"Blair, Maureen L, AGT",(713) 562-4091,N/A,N/A,Insurance,N/A
Advantage Insurance Adjusters,(713) 640-1094,N/A,N/A,Insurance,N/A
Howard Insurance Agency,(281) 337-3115,N/A,N/A,Insurance,N/A
Karen Coady Agency,(409) 935-3333,N/A,N/A,Insurance,N/A
Goosehead Insurance,(409) 443-5559,N/A,N/A,Insurance,N/A
American National Insurance,(409) 933-0285,N/A,N/A,Insurance,N/A
State Farm Insurance,(281) 309-0000,N/A,N/A,InsuranceAuto Insurance,N/A
Choate & Associates,(409) 741-1156,N/A,N/A,Insurance,N/A
Galveston Insurance Associates,(409) 740-1251,N/A,N/A,InsuranceProperty & Casualty InsuranceFlood Insurance,N/A
Amco Auto Insurance,(409) 762-6111,N/A,N/A,Insurance,N/A
Insurance Aseguranza,(409) 877-4845,N/A,N/A,InsuranceAuto Insurance,N/A
Town & Country Insurance,(409) 763-6376,N/A,N/A,InsuranceBusiness & Commercial InsuranceHomeowners Insurance,N/A
Fuentes Insurance,(409) 740-1808,N/A,N/A,InsuranceAgriculture Insurance,N/A
Garden State Life Insurance Company,(409) 763-4661,N/A,N/A,Insurance,N/A
"American National Group, Inc",(409) 763-4661,N/A,N/A,Insurance,N/A
Coastal Bay Ins,(281) 337-7788,N/A,N/A,Insurance,N/A
Progressive,(281) 617-1335,N/A,N/A,Insurance,N/A
Advantage Adjusters,(409) 938-3201,N/A,N/A,InsuranceInsurance AdjustersCollection Agencies,
Amazing Insurance,(888) 376-9205,N/A,N/A,InsuranceMotorcycle InsuranceHomeowners Insurance,N/A
Amazing Insurance,(888) 376-9205,N/A,N/A,InsuranceMotorcycle InsuranceHomeowners Insurance,N/A
GIA Insurance,(409) 740-1251,N/A,N/A,InsuranceAuto InsuranceMotorcycle Insurance,N/A
Texas American Title Company,(409) 269-7341,N/A,N/A,InsuranceTitle Companies,N/A
A I United Insurance,(877) 248-8632,N/A,N/A,InsuranceAuto InsuranceHomeowners Insurance,N/A
Freeway Insurance,(409) 209-1546,N/A,N/A,InsuranceAuto InsuranceHomeowners Insurance,N/A
Insurance Junction,(409) 770-0010,N/A,N/A,InsuranceHomeowners InsuranceInsurance Consultants & Analysts,N/A
Document Yours,(713) 828-5133,N/A,N/A,InsuranceHomeowners Insurance,N/A
Insurance Plus Agencies,(281) 534-4700,N/A,N/A,InsuranceMotorcycle InsuranceHomeowners Insurance,N/A
Stan Miller - Public Adjuster,(409) 986-6221,N/A,N/A,InsuranceInsurance Adjusters,N/A
Advantage Adjusters,(409) 740-9400,N/A,N/A,InsuranceInsurance Adjusters,N/A
Freeway Insurance,(409) 527-8423,N/A,N/A,InsuranceAuto Insurance,N/A
Fred Loya Insurance,(409) 440-2012,N/A,N/A,InsuranceAuto Insurance,N/A
Chicago Title,(409) 744-2928,N/A,N/A,InsuranceTitle & Mortgage InsuranceTitle Companies,N/A
Anico,(409) 763-4661,N/A,N/A,InsuranceAgriculture Insurance,N/A
LPL Financial Services,(832) 340-7095,N/A,N/A,InsuranceInvestment SecuritiesInvestments,N/A
American Proud Insurance,(409) 356-4796,N/A,N/A,Insurance,N/A
Heffernan Insurance Agency,(409) 765-9011,N/A,N/A,InsuranceProperty & Casualty InsuranceHealth Insurance,N/A
Farmers Insurance - Warren Aldous,(409) 925-6808,N/A,N/A,Insurance,
Mike Price Insurance,(409) 744-5028,N/A,N/A,Insurance,
Gardner Insurance Agency,(281) 480-8448,N/A,N/A,InsuranceInsurance Consultants & Analysts,
Allstate Insurance: The O'Donohoe Agency LLC,(409) 744-1888,N/A,N/A,InsuranceBusiness & Commercial InsuranceMotorcycle Insurance,N/A
Saracco Insurance Agency,(409) 765-7797,N/A,N/A,InsuranceSurety & Fidelity Bonds,N/A
Farmers Insurance - Linda Ardrey,(409) 925-8682,N/A,N/A,InsuranceHomeowners InsuranceAuto Insurance,N/A
Keith Neubauer: Allstate Insurance,(409) 925-1980,N/A,N/A,InsuranceAuto InsuranceInsurance Consultants & Analysts,N/A
Greg Gardner - State Farm Insurance Agent,(409) 925-2511,N/A,N/A,InsuranceHomeowners InsuranceAuto Insurance,N/A
Ben Benoit - State Farm Insurance Agent,(281) 337-5606,N/A,N/A,InsuranceLife InsuranceAuto Insurance,N/A
Katie Kuroski - GEICO Insurance Agent,(832) 737-6200,N/A,N/A,Insurance,N/A
Blanchard's Insurance Services Inc,(281) 538-7700,N/A,N/A,InsuranceHomeowners InsuranceAuto Insurance,N/A
Allstate Insurance Agent: Larry Hudson,(281) 334-4300,N/A,N/A,InsuranceAuto InsuranceInsurance Consultants & Analysts,N/A
Progressive Insurance,(409) 744-7111,N/A,N/A,InsuranceAuto Insurance,N/A
Goosehead Insurance - Adam Bryant,(409) 443-5559,N/A,N/A,Insurance,N/A
Moody Insurance Group,(409) 763-3300,N/A,N/A,Insurance,N/A
Progressive Insurance,(409) 600-2692,N/A,N/A,Insurance,N/A
Farmers Insurance - Warren Aldous,(409) 925-6808,N/A,N/A,InsuranceHomeowners InsuranceAuto Insurance,N/A
Maxim Insurance,(281) 337-2078,N/A,N/A,Insurance,N/A
Edward Vitale Agency,(281) 337-3781,N/A,N/A,InsuranceHomeowners InsuranceLife Insurance,N/A
Goosehead Insurance - Jessica Flores,(832) 476-8138,N/A,N/A,Insurance,N/A
"Kuroski, Katie, AGT",(832) 737-6200,N/A,N/A,Insurance,N/A
Texas Farm Bureau Insurance,(855) 247-3819,N/A,N/A,InsuranceAuto InsuranceRenters Insurance,N/A
Goosehead Insurance - Tammy Mazoch,(713) 966-6634,N/A,N/A,Insurance,N/A
Texas Farm Bureau Insurance,(281) 534-7635,N/A,N/A,InsuranceHomeowners InsuranceAuto Insurance,N/A
Farmers Insurance - Luke Bohlman,(409) 621-5225,N/A,N/A,InsuranceHomeowners InsuranceAuto Insurance,N/A
Farmers Insurance,(281) 974-3432,N/A,N/A,InsuranceHomeowners InsuranceLife Insurance,N/A
A Action Insurance,(409) 740-7788,N/A,N/A,Insurance,N/A
The Grillo Sullivan Financial Resources & AMP Insurance Group,(409) 858-0301,N/A,N/A,Insurance,N/A
Fuentes Insurance,(409) 740-1808,N/A,N/A,InsuranceAgriculture Insurance,N/A
Blue Cross Blue Shield of TX,(409) 744-7111,N/A,N/A,InsuranceHealth Insurance,N/A
Craft-Varos Insurance,(409) 761-5544,N/A,N/A,Insurance,N/A
"Herrera, Cesar, AGT",(409) 740-7788,N/A,N/A,Insurance,N/A
Nationwide Insurance James W Murray,(409) 740-7788,N/A,N/A,Insurance,N/A
"Bryant, Adam, AGT",(409) 443-5559,N/A,N/A,Insurance,N/A
O Sean,(409) 744-1888,N/A,N/A,Insurance,N/A
Progressive Auto Insurance?,(409) 600-2693,N/A,N/A,Insurance,N/A
TWFG Insurance Services,(409) 761-5544,N/A,N/A,Insurance,N/A
Prudential Insurance Company,(281) 337-2040,N/A,N/A,InsuranceLoans,N/A
Nathan Insurance Agency,(409) 763-4391,N/A,N/A,Insurance,N/A
Lamb Agency For Marine & Bonds,(409) 762-1444,N/A,N/A,Insurance,N/A
3R Trust,(409) 763-6461,N/A,N/A,Insurance,N/A
"Holder, Frank",(832) 316-4202,N/A,N/A,InsuranceFinancial Planning ConsultantsInvestment Advisory Service,N/A
Rochkind Insurance,(409) 770-9503,N/A,N/A,Insurance,N/A
"Dimitrov, Patricia D, AGT",(409) 763-4000,N/A,N/A,Insurance,N/A
American National Insurance Company,(409) 763-4661,N/A,N/A,Insurance,N/A
American National Insurance Co,(409) 763-4661,N/A,N/A,InsuranceLife Insurance,N/A
Aflac,(409) 770-0267,N/A,N/A,Insurance,N/A
Town and Country Galveston Insurance,(409) 765-6681,N/A,N/A,Insurance,N/A
Country Financial,(409) 763-6376,N/A,N/A,InsuranceFinancial ServicesFinancial Planners,N/A
"Cioppa, Vincent",(409) 765-9011,N/A,N/A,Insurance,N/A
"Heffernan, Jeanine",(409) 765-9011,N/A,N/A,Insurance,N/A
Lamb Agency For Marine & Bonds,(409) 762-1444,N/A,N/A,InsuranceFlood InsuranceBusiness & Commercial Insurance,N/A
Aflac,(832) 421-3241,N/A,N/A,Insurance,N/A
Will Cheek Allstate,(409) 925-1980,N/A,N/A,Insurance,N/A
Goldreyer Michael,(281) 684-4094,N/A,N/A,Insurance,N/A
Blanchard Insurance Service,(409) 316-2227,N/A,N/A,InsuranceHomeowners InsuranceAuto Insurance,N/A
Santa Fe Ins Agency Inc,(281) 337-2611,N/A,N/A,Insurance,N/A
Horace Mann Insurance Company,(281) 487-9898,N/A,N/A,InsuranceAuto Insurance,N/A
Forbes Insurance Center,(281) 339-5900,N/A,N/A,Insurance,N/A
Bay Area Assurance,(281) 339-2422,N/A,N/A,Insurance,N/A
Adela's Insurance,(281) 337-1333,N/A,N/A,InsuranceBookkeepingFinancial Planning Consultants,N/A
Broussard Neal J Ins Agcy,(281) 337-1021,N/A,N/A,Insurance,N/A
1 Stop Insurance & More,(281) 967-7246,N/A,N/A,InsuranceFlood InsuranceBusiness & Commercial Insurance,N/A
Saunders R E Bud Insurance,(281) 337-3781,N/A,N/A,Insurance,N/A
Coastal Bay Insurance,(281) 337-7788,N/A,N/A,Insurance,N/A
Gardner Greg Insurance,(281) 337-5831,N/A,N/A,Insurance,N/A
American Employers Insurance Agency Inc,(281) 337-5568,N/A,N/A,Insurance,N/A
Insurance,(281) 562-7800,N/A,N/A,Insurance,N/A
Farmers Insurance - Kristopher Alan Lawrence,(832) 340-7352,N/A,N/A,Insurance,N/A
Blue Water Insurance,(281) 678-8689,N/A,N/A,Insurance,N/A
Fossier William M Jr Insurance,(281) 337-5382,N/A,N/A,Insurance,N/A
"Flores, Jessica, AGT",(832) 476-8138,N/A,N/A,Insurance,N/A
Coady & Lewis Associates Inc - Nationwide Insurance,(281) 956-1056,N/A,N/A,InsuranceHomeowners InsuranceLife Insurance,N/A
Texas Farm Bureau Insurance,(281) 534-7635,N/A,N/A,InsuranceHomeowners InsuranceLife Insurance,N/A
Price Insurance,(281) 337-4663,N/A,N/A,InsuranceAgriculture Insurance,N/A
Pistone Insurance Agency,(832) 340-7853,N/A,N/A,Insurance,N/A
"Mazoch, Tammy, AGT",(713) 966-6634,N/A,N/A,Insurance,N/A
Newberry Assoc,(281) 326-6672,N/A,N/A,Insurance,N/A
Henry Freudenburg Insurance Agency Inc.,(409) 744-7111,N/A,N/A,InsuranceFlood InsuranceAuto Insurance,N/A
Pin Insurance,(832) 561-5423,N/A,N/A,InsuranceAuto InsuranceMotorcycle Insurance,N/A
BIG Dog Insurance,(888) 804-6676,N/A,N/A,InsuranceMotorcycle InsuranceHomeowners Insurance,N/A
"Bohlman, Luke, AGT",(409) 621-5225,N/A,N/A,InsuranceHomeowners InsuranceLife Insurance,N/A
First American Title Insurance Company,(832) 536-3869,N/A,N/A,InsuranceTitle & Mortgage InsuranceTitle Companies,N/A
"Capel, Mark, AGT",(409) 766-2707,N/A,N/A,InsuranceInvestment Advisory ServiceFinancial Planning Consultants,N/A
United Fire Group,(409) 766-4600,N/A,N/A,InsuranceFire Insurance,N/A
"The Hodge Law Firm, P",(409) 241-7246,N/A,N/A,InsuranceAttorneysPersonal Injury Law Attorneys,N/A
"Ardrey, Linda, AGT",(409) 925-8682,N/A,N/A,InsuranceHomeowners InsuranceLife Insurance,N/A
Fred Loya Insurance,(281) 337-6858,N/A,N/A,InsuranceAuto Insurance,N/A
First American Title Insurance Company,(832) 536-3855,N/A,N/A,InsuranceTitle & Mortgage InsuranceEscrow Service,N/A
First American Title - Kimberly McFarland,(281) 838-2285,N/A,N/A,InsuranceEscrow ServiceFinancial Services,N/A
"Pistone, Frank, AGT",(281) 461-3276,N/A,N/A,InsuranceHomeowners InsuranceLife Insurance,N/A
"Fouts, Laura, AGT",(281) 337-4646,N/A,N/A,InsuranceHomeowners InsuranceBoat & Marine Insurance,N/A
"Orellana, Alex",(281) 231-0058,N/A,N/A,InsuranceHomeowners InsuranceBoat & Marine Insurance,N/A
John Luke,(409) 621-5225,N/A,N/A,InsuranceAuto Insurance,N/A
Rochkind Insurance,(409) 770-9503,N/A,N/A,InsuranceHomeowners InsuranceLife Insurance,N/A
Donnella & Associates,(409) 762-5800,N/A,N/A,InsuranceInsurance Consultants & Analysts,N/A
Smi Insurance Agency,(409) 765-9515,N/A,N/A,InsuranceAuto Insurance,N/A
Fred Loya Insurance,(409) 287-9909,N/A,N/A,InsuranceAuto Insurance,N/A
"Levin, Ira, AGT",(409) 763-5200,N/A,N/A,InsuranceHomeowners InsuranceLife Insurance,N/A
Richard Glaser Insurance,(409) 765-6222,N/A,N/A,InsuranceInvestmentsInvestment Advisory Service,N/A
Mae Linda,(409) 925-8682,N/A,N/A,InsuranceAuto Insurance,N/A
L Warren,(409) 925-6808,N/A,N/A,InsuranceAuto Insurance,N/A
Angel Insurance,(409) 440-8179,N/A,N/A,InsuranceAuto InsuranceMotorcycle Insurance,N/A
Gal Services,(832) 340-7530,N/A,N/A,InsuranceAir Pollution Measuring Service,N/A
Edward Kenneth,(832) 340-7352,N/A,N/A,InsuranceAuto Insurance,N/A
Debbie Liggio,(281) 337-4800,N/A,N/A,InsuranceInsured Property Replacement ServiceProperty & Casualty Insurance,N/A
Cooke Dennis,(281) 337-5606,N/A,N/A,InsuranceAuto Insurance,N/A
Statefarm,(281) 337-7080,N/A,N/A,InsuranceHomeowners InsuranceLife Insurance,N/A
Farmers Insurance - Frank Pistone,(281) 461-3276,N/A,N/A,InsuranceHomeowners InsuranceLife Insurance,N/A
Texas Claim Consultants,(281) 532-6947,N/A,N/A,InsuranceInsured Property Replacement Service,N/A
Fred Loya Insurance,(281) 549-9001,N/A,N/A,InsuranceAuto Insurance,N/A
Al Hicks: Allstate Insurance,(281) 286-7070,N/A,N/A,InsuranceInsurance Consultants & AnalystsProperty & Casualty Insurance,N/A
Steve Bridges - State Farm Insurance Agent,(281) 334-2222,N/A,N/A,InsuranceProperty & Casualty InsuranceHomeowners Insurance,N/A
Craig Brown: Allstate Insurance,(832) 769-8684,N/A,N/A,InsuranceInsurance Consultants & AnalystsBusiness & Commercial Insurance,N/A
Texas Farm Bureau Insurance,(877) 635-4684,N/A,N/A,InsuranceHomeowners InsuranceLife Insurance,N/A
Farmers Insurance - Jack Ross,(281) 474-5444,N/A,N/A,InsuranceHomeowners InsuranceAuto Insurance,N/A
Joe Pham - State Farm Insurance Agent,(832) 632-1566,N/A,N/A,InsuranceNew Car DealersAgriculture Insurance,N/A
Farmers Insurance,(281) 471-0481,N/A,N/A,InsuranceHomeowners InsuranceLife Insurance,N/A
Kimberly Trammel: Allstate Insurance,(281) 334-6255,N/A,N/A,InsuranceAuto Insurance,N/A
Tyler Landry - State Farm Insurance Agent,(281) 334-2486,N/A,N/A,InsuranceAgriculture InsuranceInsurance Consultants & Analysts,N/A
Lee Sams Group,(918) 691-8457,N/A,N/A,Insurance,N/A
Progressive Insurance,(409) 600-2694,N/A,N/A,Insurance,N/A
"Cher Schiflett, Washington National Agent",(832) 865-5487,N/A,N/A,Insurance,N/A
Farmers Insurance - Fidencio Leija,(409) 207-0145,N/A,N/A,InsuranceHomeowners InsuranceLife Insurance,N/A
Discount Car Insurance | Lowered Rates of League City,(760) 309-7488,N/A,N/A,Insurance,N/A
Farmers Insurance - Ricardo Daniels,(281) 280-9570,N/A,N/A,InsuranceHomeowners InsuranceAuto Insurance,N/A
McLean Insurance Group,(281) 332-6440,N/A,N/A,Insurance,N/A
Kevin Kopp Insurance Agency,(281) 316-2334,N/A,N/A,Insurance,N/A
Globe Life Family Heritage Division: Dynasty Financial Group,(832) 246-8200,N/A,N/A,Insurance,N/A
Best Insurance,(281) 554-4444,N/A,N/A,Insurance,N/A
Farmers Insurance - Pamela Guerrero,(281) 724-9864,N/A,N/A,InsuranceHomeowners InsuranceAuto Insurance,N/A
Dee Wright Insurance Agency-Farmers,(281) 326-0500,N/A,N/A,InsuranceInvestment Advisory Service,N/A
McLean Insurance Group,(281) 332-6441,N/A,N/A,Insurance,N/A
Farmers Insurance,(281) 326-0648,N/A,N/A,InsuranceHomeowners InsuranceLife Insurance,N/A
Nationwide,(281) 733-2681,N/A,N/A,InsuranceMutual FundsRetirement Planning Services,N/A
Goosehead Insurance - Billy Wayne Nesrsta,(979) 330-7052,N/A,N/A,Insurance,N/A
Liz Miller Agency Inc.,(832) 779-8430,N/A,N/A,InsuranceLife InsuranceHealth Insurance,N/A
Goosehead Insurance - Barbara Cribbs,(281) 334-2737,N/A,N/A,Insurance,N/A
Western Insurance Agency Inc,(281) 334-9770,N/A,N/A,Insurance,N/A
The Travelers Insurance,(281) 333-1525,N/A,N/A,InsuranceAuto InsuranceTravel Insurance,N/A
The Travelers Insurance Co,(281) 819-3575,N/A,N/A,Insurance,N/A
Matthew Hill Insurance Agt,(281) 333-8900,N/A,N/A,Insurance,N/A
American National Insurance Agency,(281) 333-1233,N/A,N/A,InsuranceLife Insurance,N/A
Angel Insurance,(832) 315-5566,N/A,N/A,Insurance,N/A
One Stop Insurance Two,(409) 440-8048,N/A,N/A,Insurance,N/A
Matthew Hill Insurance Agt,(281) 333-8900,N/A,N/A,Insurance,N/A
American National Insurance Agency,(281) 333-1233,N/A,N/A,InsuranceLife Insurance,N/A
Angel Insurance,(832) 315-5566,N/A,N/A,Insurance,N/A
One Stop Insurance Two,(409) 440-8048,N/A,N/A,Insurance,N/A
M. Craig,(281) 534-3740,N/A,N/A,Insurance,N/A
Blasa Vela Insurance,(281) 337-4646,N/A,N/A,Insurance,N/A
Pronto Insurance,(281) 534-2401,N/A,N/A,InsuranceAuto InsuranceHomeowners Insurance,N/A
McCunis Fax Insurance Agency,(281) 334-2933,N/A,N/A,Insurance,N/A
State Farm Insurance Agent-Wayne Faircloth,(281) 337-7080,N/A,N/A,InsuranceAuto Insurance,N/A
Hawkins Insurance-Independent Agency,(832) 541-7388,N/A,N/A,InsuranceBusiness & Commercial Insurance,N/A
Hollingsworth Ken Insurance,(409) 385-0868,N/A,N/A,Insurance,N/A
McCunis Fox Insurance Agency,(281) 957-9611,N/A,N/A,Insurance,N/A
Ricardo Daniels Farmers,(281) 532-6762,N/A,N/A,Insurance,N/A
Ed Station Insurance,(281) 334-3739,N/A,N/A,Insurance,N/A
Farmers Insurance - Martha Janie Holmes,(281) 316-1290,N/A,N/A,InsuranceHomeowners InsuranceAuto Insurance,N/A
Holmes Insurance Agency,(281) 316-1290,N/A,N/A,Insurance,N/A
Steve Jacks Insurance Agency,(281) 339-7565,N/A,N/A,Insurance,N/A
Petitti Enterprises Inc,(281) 334-4421,N/A,N/A,Insurance,N/A
National Insurance Agency League City,(832) 632-1014,N/A,N/A,Insurance,N/A
Advance Agents Insurance,(281) 334-2700,N/A,N/A,InsuranceFinancial Services,N/A
McCunis Fox Insurance Agency,(281) 957-9611,N/A,N/A,InsuranceHealth Insurance,N/A
Advantage Marine Insurance,(281) 733-0200,N/A,N/A,Insurance,N/A
Harbour Insurance Services,(281) 549-6613,N/A,N/A,Insurance,N/A
Silver CIMS,(281) 786-1146,N/A,N/A,Insurance,N/A
"Lowbridge, Maureen, AGT",(281) 474-2826,N/A,N/A,Insurance,N/A
Aflac,(281) 291-7788,N/A,N/A,Insurance,N/A
Progressive Auto Insurance?,(281) 968-4091,N/A,N/A,Insurance,N/A
McLean Insurance Group,(281) 332-6440,N/A,N/A,Insurance,N/A
Ambid Insurance Service,(281) 338-1999,N/A,N/A,Insurance,N/A
Aflac,(713) 206-7958,N/A,N/A,Insurance,N/A
Danny R Holmes Insurnce Agency,(281) 316-1290,N/A,N/A,Insurance,N/A
Preferred Choice Ins Group,(979) 266-9337,N/A,N/A,Insurance,N/A
Carroll Insurance Solutions,(281) 549-4846,N/A,N/A,Insurance,N/A
Maxim Insurance,(281) 332-3413,N/A,N/A,Insurance,N/A
"Pham, Joe, AGT",(832) 632-1566,N/A,N/A,Insurance,N/A
Jerry Shults Insurance,(281) 334-7996,N/A,N/A,Insurance,N/A
Steve Jacks Insurance Agency,(281) 339-7565,N/A,N/A,Insurance,N/A
Progressive Insurance,(281) 333-3100,N/A,N/A,InsuranceAuto Insurance,N/A
Allstate Financial Services,(281) 334-6255,N/A,N/A,Insurance,N/A
American National Insurance,(281) 334-2886,N/A,N/A,InsuranceLife Insurance,N/A
Jack Brown Insurance,(281) 334-1084,N/A,N/A,Insurance,N/A
Farmers Insurance & Financial Services,(281) 461-8707,N/A,N/A,InsuranceInvestment Advisory ServiceHealth Insurance,N/A
A-Tex Insurance,(281) 557-9171,N/A,N/A,Insurance,N/A
Sea Coast Insurance,(281) 332-0581,N/A,N/A,Insurance,N/A
TWFG Insurance,(832) 632-1477,N/A,N/A,Insurance,N/A
American National Insurance,(281) 535-1543,N/A,N/A,InsuranceLife Insurance,N/A
Aflac,(713) 410-4152,N/A,N/A,Insurance,N/A
Everyone's Insurance,(281) 640-1684,N/A,N/A,Insurance,N/A
"Spurgeon, Mark, AGT",(281) 332-9200,N/A,N/A,Insurance,N/A
Preferred Choice Ins Group,(832) 687-1869,N/A,N/A,Insurance,N/A
"Cribbs, Barbara, AGT",(281) 334-2737,N/A,N/A,InsuranceAuto Insurance,N/A
"Wayne Nesrsta, Billy, AGT",(979) 330-7052,N/A,N/A,Insurance,N/A
Kevin E Severance Insurance Agency,(281) 339-7823,N/A,N/A,Insurance,N/A
American National Insurance Company,(281) 538-3768,N/A,N/A,InsuranceLife Insurance,N/A
American National Insurance Company,(281) 334-9189,N/A,N/A,Insurance,N/A
Garden State Life Insurance Company,(281) 538-1037,N/A,N/A,InsuranceLife InsuranceMarketing Programs & Services,N/A
Progressive Insurance,(281) 334-9770,N/A,N/A,InsuranceAuto Insurance,N/A
New York Life Insurance,(713) 906-5071,N/A,N/A,Insurance,N/A
Lonestar Insurance Group,(281) 724-9931,N/A,N/A,Insurance,N/A
Griffin Marla J,(281) 326-0199,N/A,N/A,Insurance,N/A
McKinney Dick Ins Agcy Inc,(281) 326-2536,N/A,N/A,Insurance,N/A
Aflac,(501) 350-9191,N/A,N/A,Insurance,N/A
Lonestar Insurance Group,(281) 724-9931,N/A,N/A,Insurance,N/A
Paramount Insurance Repair,(281) 957-9491,N/A,N/A,InsuranceAgriculture Insurance,N/A
Aeon Insurance Group,(281) 333-8505,N/A,N/A,InsuranceBusiness & Commercial InsuranceLiability & Malpractice Insurance,N/A
Farmers Insurance - Mario Torres,(281) 769-8429,N/A,N/A,InsuranceInsurance Adjusters,N/A
McLean Insurance Group,(281) 532-6540,N/A,N/A,Insurance,N/A
Association Benefits Agency,(281) 333-1954,N/A,N/A,Insurance,N/A
Holmes Danny R Insurance Group,(281) 333-5630,N/A,N/A,Insurance,N/A
Ridge Insurance Group,(281) 549-4594,N/A,N/A,Insurance,N/A
Charles Finnerty Insurance,(281) 333-4067,N/A,N/A,Insurance,N/A
Elizabeth Perez Insurance Agency,(281) 336-0298,N/A,N/A,Insurance,N/A
State Net Insurance,(281) 957-7498,N/A,N/A,Insurance,N/A
State Farm Insurance,(281) 204-8282,N/A,N/A,InsuranceAuto Insurance,N/A
"Goosehead Insurance-Houston, Texas",(832) 707-0068,N/A,N/A,Insurance,N/A
"Gomez, Jordan, AGT",(832) 707-0068,N/A,N/A,Insurance,N/A
Aal,(281) 338-4225,N/A,N/A,Insurance,N/A
La Public Ins Adjusters,(281) 957-7886,N/A,N/A,Insurance,N/A
Principal Insurance Resources,(281) 334-6459,N/A,N/A,Insurance,N/A
Aflac,(281) 435-1912,N/A,N/A,Insurance,N/A
National Business Association,(281) 333-1199,N/A,N/A,Insurance,N/A
Kimberly Mayhew Insurance,(281) 549-7123,N/A,N/A,Insurance,N/A
McLean Insurance Group,(281) 549-7924,N/A,N/A,Insurance,N/A
Alleman Group,(281) 291-9255,N/A,N/A,Insurance,N/A
Joe Marullo Ins and Retirement Svcs,(281) 339-7894,N/A,N/A,Insurance,N/A
"Mayhew, Kimberly, AGT",(281) 486-0977,N/A,N/A,Insurance,N/A
Farmers Insurance,(281) 486-0977,N/A,N/A,InsuranceLife InsuranceAuto Insurance,N/A
Jacquie Tugwell - State Farm Insurance Agent,(281) 309-0000,N/A,N/A,InsuranceHomeowners InsuranceAuto Insurance,
Joe Pugh | Joe Pugh Insurance Agency,(281) 844-8931,N/A,N/A,InsuranceInsurance Consultants & AnalystsHomeowners Insurance,N/A
Johnny White - State Farm Insurance Agent,(281) 333-5050,N/A,N/A,InsuranceHomeowners InsuranceLife Insurance,N/A
International Risk Cntrl-Sbrk,(281) 984-7571,N/A,N/A,InsuranceAgriculture Insurance,
Hawkins Insurance & Financial Services Group,(832) 554-7388,N/A,N/A,InsuranceFlood InsuranceFinancial Services,N/A
Kevin E Severance Ins Agency,(281) 333-3100,N/A,N/A,InsuranceAuto InsuranceMotorcycle Insurance,N/A
Harbour Insurance Services Inc,(281) 520-4090,N/A,N/A,InsuranceMotorcycle InsuranceHomeowners Insurance,N/A
"Fouts, Laura, AGT",(281) 337-4646,N/A,N/A,InsuranceHomeowners InsuranceLife Insurance,N/A
"Daniels, Ricardo, AGT",(281) 280-9570,N/A,N/A,InsuranceHomeowners InsuranceLife Insurance,N/A
ACU Insurance Services,(800) 581-2428,N/A,N/A,InsuranceHomeowners InsuranceMotorcycle Insurance,N/A
"Ross, Jack, AGT",(281) 474-5444,N/A,N/A,InsuranceAuto InsuranceFlood Insurance,N/A
League City Bail Bonds,(281) 554-7191,N/A,N/A,InsuranceBail BondsSurety & Fidelity Bonds,N/A
Anchor Marine Insurance,(281) 291-9414,N/A,N/A,InsuranceBoat & Marine InsuranceHomeowners Insurance,N/A
"Guerrero, Pamela, AGT",(281) 724-9864,N/A,N/A,InsuranceHomeowners InsuranceLife Insurance,N/A
"Severance, Kevin, AGT",(281) 549-4233,N/A,N/A,InsuranceHomeowners InsuranceLife Insurance,N/A
"Trammel, Kimberly, AGT",(281) 334-6255,N/A,N/A,InsuranceHomeowners InsuranceBoat & Marine Insurance,N/A
"Landry, Tyler, AGT",(281) 334-2486,N/A,N/A,InsuranceHomeowners InsuranceInsurance Consultants & Analysts,N/A
"Frickey, Dan, AGT",(281) 461-8707,N/A,N/A,InsuranceHomeowners InsuranceLife Insurance,N/A
Farmers Insurance - Angie Smith,(832) 932-5195,N/A,N/A,InsuranceHomeowners InsuranceLife Insurance,N/A
Allcar Insurance Agency,(281) 474-3036,N/A,N/A,"InsuranceHospitalization, Medical & Surgical PlansInsurance Consultants & Analysts",N/A
Texas American Title Company,(281) 333-1955,N/A,N/A,InsuranceTitle CompaniesTitle & Mortgage Insurance,N/A
Fred Loya Insurance,(281) 337-6858,N/A,N/A,InsuranceAuto Insurance,N/A
First American Title,(281) 538-0371,N/A,N/A,InsuranceTitle & Mortgage InsuranceTitle Companies,N/A
Texas Farm Bureau Insurance - Charlie Henry,(409) 267-3191,N/A,N/A,InsuranceHomeowners InsuranceLife Insurance,N/A
Paramount Claim Solutions,(281) 532-6946,N/A,N/A,InsuranceInsured Property Replacement Service,N/A
Texas Claim Consultants,(281) 532-6947,N/A,N/A,InsuranceInsured Property Replacement Service,N/A
Physicians Choice Billing Systems,(713) 212-9098,N/A,N/A,InsuranceBusiness Consultants-Medical Billing ServicesInsured Property Replacement Service,N/A
C U Financial Group,(800) 581-2428,N/A,N/A,InsuranceLife InsuranceFlood Insurance,N/A
Blue Cross & Blue Shield of TX,(281) 338-9999,N/A,N/A,InsuranceAuto InsuranceLong Term Care Insurance,N/A
Thuy Tran,(281) 332-8511,N/A,N/A,InsuranceAuto Insurance,N/A
J-K Brown Enterprises Inc,(281) 334-2886,N/A,N/A,InsuranceHomeowners InsuranceLife Insurance,N/A
Farmers Insurance - Dan Frickey,(281) 461-8707,N/A,N/A,InsuranceHomeowners InsuranceAuto Insurance,N/A
Texas American Title Company,(281) 334-7887,N/A,N/A,InsuranceTitle CompaniesTitle & Mortgage Insurance,N/A
"Ideal Adjusting, Inc",(281) 933-4332,N/A,N/A,InsuranceInsurance Adjusters,N/A
R Angie,(832) 932-5195,N/A,N/A,InsuranceAuto Insurance,N/A
"Cartwright, Paul",(409) 945-3449,N/A,N/A,InsuranceAgriculture Insurance,N/A
Primerica,(281) 554-7428,N/A,N/A,InsuranceFinancial ServicesFinancial Planning Consultants,N/A
Primerica,(281) 724-0459,N/A,N/A,InsuranceFinancial ServicesFinancial Planning Consultants,N/A
Shuman Consulting,(281) 486-5511,N/A,N/A,InsuranceBusiness Coaches & ConsultantsBusiness Management,N/A
Robert Hill & Associates,(281) 326-4712,N/A,N/A,InsuranceAgriculture Insurance,N/A
Texas Ameican Title,(281) 336-3470,N/A,N/A,InsuranceTitle CompaniesTitle & Mortgage Insurance,N/A
Maxim Group,(281) 337-2518,N/A,N/A,InsuranceInsurance Consultants & Analysts,N/A
Masters Ron,(281) 337-2516,N/A,N/A,InsuranceLiability & Malpractice Insurance,N/A
Speer Ben,(281) 204-8282,N/A,N/A,InsuranceAuto Insurance,N/A
AssuredPartners,(281) 337-2516,N/A,N/A,InsuranceHomeowners InsuranceLife Insurance,N/A
Eurolink Services USA Inc,(281) 333-3646,N/A,N/A,InsuranceBoat & Marine Insurance,N/A
Chicago Title Company,(281) 336-2383,N/A,N/A,InsuranceTitle Companies,N/A
TWFG Insurance Services: Alex Calvo,(281) 909-3200,N/A,N/A,InsuranceBusiness & Commercial InsuranceLife Insurance,N/A
Pat Way CLU,(281) 286-2600,N/A,N/A,InsuranceLife Insurance,N/A
Daniels Frank & Associates,(281) 482-1951,N/A,N/A,Insurance,N/A
Lester Lilley,(281) 338-4774,N/A,N/A,InsuranceInsurance Consultants & Analysts,N/A
Safe Insurance Services,(713) 947-8070,N/A,N/A,InsuranceAuto InsuranceProperty & Casualty Insurance,N/A
